no.test,x,y,theta,theta_y,theta_d
1,5.8,129.6,3.291904594,4.1,71.4
2,2,125.6,3.613473465,4.5,71.4
3,6.5,127.7,0,0,71.4
4,4.5,130,3.131159714,3.9,71.4
5,6.4,132.1,3.452675418,4.3,71.4