no.test,x,y,theta,theta_y,theta_d
1,3.6,129.4,-0.160492589,-0.2,71.4
2,4.7,127.6,-0.561732327,-0.7,71.4
3,6.5,129.5,-2.568738511,-3.2,71.4
4,6.6,127.3,0.401234228,0.5,71.4
5,2,129,1.845981712,2.3,71.4