no.test,x,y,theta,theta_y,theta_d
1,3,98.5,-5.303820058,-6.6,71.4
2,6.4,94.8,-6.271719891,-7.8,71.4
3,1,91.6,-1.524857608,-1.9,71.4
4,3.4,101,-3.372286683,-4.2,71.4
5,2.9,95.6,-3.774300014,-4.7,71.4