no.test,x,y,theta,theta_y,theta_d
1,4.2,132.4,-2.247469618,-2.8,71.4
2,6.5,129,-1.444584461,-1.8,71.4
3,3.2,130.4,-0.401234228,-0.5,71.4
4,4.5,132.2,-1.605133748,-2,71.4
5,1.7,130.1,1.605133748,2,71.4