no.test,x,y,theta,theta_y,theta_d
1,7.5,133.3,-6.029587333,-7.5,71.4
2,5.4,131.2,-1.926271409,-2.4,71.4
3,7,133,-3.935156351,-4.9,71.4
4,5.2,130.5,-2.006564889,-2.5,71.4
5,8.4,134.1,-4.41791694,-5.5,71.4