no.test,x,y,theta,theta_y,theta_d
1,,107,-3.927443362,-2.5,36.5
2,,108,-2.983868631,-1.9,36.5
3,,108.5,-4.557070533,-2.9,36.5
4,,107.5,-4.872086259,-3.1,36.5
5,,109,-7.556676052,-4.8,36.5