no.test,x,y,theta,theta_y,theta_d
1,,105,6.133724,3.9,36.5
2,,106,10.25807279,6.5,36.5
3,,107,6.449576272,4.1,36.5
4,,103,8.031992949,5.1,36.5
5,,106,4.39961502,2.8,36.5
,,107,,2.5,