no.test,x,y,theta,theta_y,theta_d
1,,107,13.62796248,8.6,36.5
2,,106,12.66076241,8,36.5
3,,106,11.0567292,7,36.5
4,,105.5,9.461426193,6,36.5
5,,106.5,10.73701455,6.8,36.5