no.test,x,y,theta,theta_y,theta_d
1,,107,-9.461426193,-6,36.5
2,,108,-8.666621417,-5.5,36.5
3,,110,-13.14388585,-8.3,36.5
4,,107,-9.461426193,-6,36.5
5,,106,-7.556676052,-4.8,36.5